Date,Home Team,Away Team
05/09/2024 20:20,Kansas City Chiefs,Buffalo Bills
06/09/2024 13:00,Atlanta Falcons,Pittsburgh Steelers
06/09/2024 13:00,Chicago Bears,Tennessee Titans
06/09/2024 13:00,Cleveland Browns,Dallas Cowboys
06/09/2024 13:00,Green Bay Packers,Philadelphia Eagles
06/09/2024 13:00,Jacksonville Jaguars,Miami Dolphins
06/09/2024 13:00,New York Jets,San Francisco 49ers
06/09/2024 13:00,Washington Commanders,Tampa Bay Buccaneers
06/09/2024 16:05,Arizona Cardinals,Buffalo Bills
06/09/2024 16:05,Denver Broncos,Las Vegas Raiders
06/09/2024 16:05,Los Angeles Chargers,Las Vegas Raiders
06/09/2024 16:25,Carolina Panthers,New Orleans Saints
06/09/2024 16:25,Detroit Lions,Los Angeles Rams
06/09/2024 16:25,Indianapolis Colts,Houston Texans
06/09/2024 16:25,Seattle Seahawks,Denver Broncos
06/09/2024 20:20,New York Giants,Philadelphia Eagles
